"","case","iteration","DD","PN","HP","PS1","PS1q","PS2","PS2q","PS3","WF","LR"
"1",1,1,0.330399565191849,0.138931650615951,0.330820743208928,0.00898042401339405,1.41067912906578e-09,0.196936575345837,0.357632488819893,0.107897025816683,0.134534719899912,1
"2",1,2,0.408819884211762,0.906180446659754,0.408432331670181,0.012000875718565,1.35399136347303e-10,0.119136044475165,0.943844840704711,0.310052748981043,0.0755833912169176,0.0165999999999999
"3",1,3,0.0143784505815048,0.628204157745541,0.0165350553372994,0.0068163573442801,0,0.0281233709333973,0.517398032494319,0.992974318672723,0.435932415561423,0.0598
"4",1,4,0.315217028222404,0.972866597414601,0.315813593712033,0.0458052403666149,1.77635683940025e-14,0.44054816218813,0.792408197307988,0.315544786023743,0.775559322726271,0.0107
"5",1,5,0.140947133487971,0.106312382578887,0.143715845819687,0.142958494437854,0.0299224615861535,0.128206626285326,0.146540391920071,0.965418928716307,0.737731373367268,1
"6",1,6,0.880769717869358,0.0021796104685047,0.879754785552346,0.00355112025309046,6.60025683241194e-06,0.804202378345659,0.439206196369283,0.3545029199653,0.41117877032936,1
"7",1,7,0.00328403287617296,0.736465556920947,0.00430785000452423,0.101438586699508,4.84466378125603e-09,0.324924910944326,0.20124061372438,0.352557729015991,0.276163614546303,1
"8",1,8,0.00919225752687858,0.817009773882969,0.010952961300614,0.00128629214275455,0.00158570620516763,0.0128431844577267,0.0331567346873858,0.271146928910645,0.218353904714352,1
"9",1,9,0.0734245603938103,0.00769258123140077,0.0766731770727846,0.069742923271189,0.00286521852229782,0.0190441556615146,0.055840083397029,0.334741621682369,0.996571619301276,1
"10",1,10,0.0116056145862558,0.567633536957144,0.0135686357699417,0.0272339267653146,1.17683640610267e-14,0.0197461823882922,0.0216556668516378,0.544546588379746,0.00866705217783603,0.0115
"11",1,11,0.581417695234682,0.149858161413808,0.579928122061079,0.71458541815077,4.78062034403592e-13,0.349980781373527,0.506389483264193,0.504184900932827,0.203187598887544,0.00800000000000001
"12",1,12,0.949048004635451,0.000340705669354307,0.948558446387261,0.960296290947972,5.40531242703146e-05,0.490058773618772,0.939224211256379,0.265248070634925,0.574930326445853,1
"13",1,13,0.690901440341976,0.307287663556784,0.689234015318321,0.814208686047447,0,0.760232755902799,0.547022256190172,0.878793618438141,0.347238415129483,0.00860000000000005
"14",1,14,0.0100289316948579,0.360169321887718,0.0118640144028703,0.102613854855336,2.14028794687238e-12,0.0433332958347565,0.88198213613445,0.377112828611568,0.214075226529907,0.00629999999999997
"15",1,15,0.155936845921937,0.788885002042158,0.158535055108732,0.102237301673044,0.0193840306351234,0.648170498467741,0.338462905748715,0.053346558518631,0.824488450116976,1
"16",1,16,0.000340953334371008,0.103747503974148,0.000592151431582698,0.0248840562327102,0,0.000937046928223495,0.00542220700576856,0.109488739082965,0.745175552174782,0.0174
"17",1,17,0.25664436577975,0.00703628008663893,0.257961566227637,0.00177720018076843,4.52590187549617e-11,0.278741348829713,0.501339290210162,0.290408701330779,0.0776104325481017,0.0167
"18",1,18,0.401275697941751,0.456946080164132,0.400958253130482,0.476018114004787,5.19584375524573e-14,0.297962711112652,0.393698958551475,0.645772296620886,0.867711861589437,1
"19",1,19,0.00677786679754799,0.0355021569087893,0.00829187783401932,0.000703335324415244,2.23903118268254e-11,0.00902812569417555,0.0146960265618363,0.548656675689171,0.0475239677241277,0.0142
"20",1,20,0.000375491652537696,0.781058724750706,0.000643165261150622,1.62554295124462e-06,0,0.000388032316870457,0.0888832491904042,0.518354697457428,0.564465661725507,1
"21",1,21,0.375503357306505,0.464143334334216,0.375438205450004,0.48463632332578,1.15126668198684e-08,0.398798241636332,0.269349308894305,0.388341184226814,0.393893358116668,1
"22",1,22,0.295960427561786,0.996630590635536,0.296786895243667,0.720251219673083,0,0.0529705667325736,0.179002016058383,0.677413963447848,0.50319189303431,1
"23",1,23,0.061036923895749,0.32245633402551,0.0642687837818395,0.0102578269092412,1.03669220097302e-07,0.0659032032733953,0.392213201471678,0.344062626154037,0.00579162617923068,1
"24",1,24,0.0105240574611896,0.419872715167561,0.0124009362590354,0.0199402039436762,6.98562589995788e-08,0.831319050184694,0.00282061231954245,0.709932079520014,0.179877000345654,1
"25",1,25,0.000737027636009691,0.0838564638500873,0.00115129540501696,1.11910480882216e-12,7.31747995530441e-13,1.25144269422783e-05,1.99125271826972e-10,0.170669377271539,0.0160252112572101,1
"26",1,26,0.00372612198638878,0.00272409727226582,0.00482527010256095,0.000508848481472035,0,0.0157338085631931,0.000206103399057245,0.151866994910255,0.0504985737059964,0.0081
"27",1,27,0.0389820796938167,0.746149365920913,0.0419993914207309,0.0218791359938556,0,0.0399575390053017,0.221411330914872,0.0464742233391029,0.0266356175821538,1
"28",1,28,0.061939637152798,0.0133545284440772,0.0651746729236772,0.0458423694833916,5.61772850460329e-14,0.0456114722764203,0.51767028164193,0.361494894203526,0.178088510739888,1
"29",1,29,0.389020980069579,0.00443853210413202,0.388821063774429,0.280086178273752,0,0.356238018982794,0.983025597755716,0.281098488801709,0.647124170768159,0.00780000000000003
"30",1,30,0.208733590008483,0.177137048243481,0.210670360067871,2.3079711547247e-05,2.00012720830145e-08,0.288325506193752,0.847646484083291,0.31228349310277,0.00274761513207222,1
"31",1,31,0.20843428525141,1.09766315121407e-11,0.210374932904045,0.103432552469373,1.93542681881098e-09,0.246788490665473,0.218074827051149,0.305452090547271,0.0538482843495507,1
"32",1,32,0.000281925983747877,0.0143324233237642,0.000503425514077261,0.000166406412088316,0,0.000346523310673197,0.985935578240775,0.304346037706937,0.958622529007654,1
"33",1,33,0.0110008535861468,0.304980474147739,0.0129165438119043,0.0309684896458222,6.66133814775094e-15,0.0224441618241569,0.633422418181919,0.278013593147618,0.0176367703941485,0.00390000000000001
"34",1,34,0.00176635204197995,0.175328096266183,0.00247881320016552,0.00186131095144715,4.78191459851729e-06,0.0209773426144408,0.208781741405887,0.294992070381114,0.0106502580548922,1
"35",1,35,0.0513816420569653,0.000424209719633848,0.0545557316343814,0.0363920247693921,5.10702591327572e-15,0.00590800894495835,0.547451256295162,0.952003548690082,0.230781476207263,0.00729999999999997
"36",1,36,0.0026826312497964,0.00230085293076026,0.00359446369062219,0.215412353584044,3.29198890369753e-11,0.463251353638854,0.318225841183246,0.675005424691321,0.37385937226619,1
"37",1,37,0.439440975648902,0.551071762410817,0.438786900987259,0.0355639076151762,2.5268541481438e-08,0.310999293047304,0.0693902624191693,0.27492193390469,0.668336977702087,0.00390000000000001
"38",1,38,0.181946391399197,0.0440123156012227,0.184226462116966,0.0683584799928474,1.50998502590483e-09,0.568621050063375,0.586341569805785,0.161460495106063,0.0759992882529861,0.00960000000000005
"39",1,39,0.437140269724165,0.239248639571263,0.436505197847681,0.0651021724466503,0,0.424856662008253,0.482576213284812,0.95052191647292,0.945591301609832,1
"40",1,40,0.129166148725369,0.000290806084524798,0.132058904719731,0.250652865265762,3.99713920828937e-06,0.726866988830969,0.21701070377689,0.22749160377204,0.490070386437576,0.00549999999999995
"41",1,41,0.409548259808836,0.688140053672154,0.409154030127233,0.0899018668509697,0,0.220847170593107,0.61765764959658,0.660320924526557,0.369917384827134,1
"42",1,42,0.00128013548697736,0.970830437304354,0.0018657689035512,0.00104588707365194,2.22044604925031e-16,0.022398815058512,0.997385851840969,0.205444543749811,0.219807706318659,1
"43",1,43,1.65418469930678e-05,0.137082786682904,4.81725622490505e-05,3.27280125773655e-05,7.26556589558669e-07,0.341154592152752,0.65819034154711,0.498296298388364,0.00513912918802895,1
"44",1,44,0.00382252685549234,0.0015705388544208,0.00493742578084073,4.14702363535913e-05,9.56769986015793e-07,1.11463820928748e-06,0.00348674185089082,0.560156496121778,0.502118890942636,1
"45",1,45,0.00613342391570182,0.0695372035799908,0.00757153900625108,0.0306683525395492,3.27945995248768e-07,0.0744368348263877,0.0191969481891877,0.0790985325975696,0.0471818270948252,0.0071
"46",1,46,0.767266971312198,0.130356407254398,0.765716926915657,0.0304859257861964,2.66429989181916e-10,0.829619594053597,0.436734923452658,0.514396281995303,0.72057756950507,0.0109
"47",1,47,0.192892122663224,0.174502456260014,0.195033084369367,0.00137985702309296,9.88098491916389e-13,0.147228992957576,0.43868636569583,0.960607365123975,0.503359335414905,1
"48",1,48,0.918542792316086,0.730468681746448,0.917799871891331,0.899410198218897,0.92067575052573,0.895911880340119,0.847325896498734,0.724332767551742,0.874213862238458,1
"49",1,49,0.103395843555249,0.0265992984847406,0.106514360010378,0.147909779527539,1.53166146432682e-10,0.0628855073370058,0.651104757131859,0.534135656907187,0.00563681868829979,0.00749999999999995
"50",1,50,9.08615219088471e-05,0.944077719919831,0.000193982484604592,0.00035450936624204,3.16384758258792e-06,0.0518039098642922,0.512086163025341,0.921669371000474,0.0241942586927989,1
"51",1,51,0.00714264713283841,0.272941567966186,0.00869750090897223,9.86996467122747e-06,1.39417144495724e-10,0.00694360524094695,0.0552740666049085,0.338925480858762,0.000751869778779612,1
"52",1,52,0.0849901051223965,0.106020434081687,0.0882116542303683,0.109895882197562,0,0.07344572862008,0.117262940377221,0.940221339077328,0.223589196603256,1
"53",1,53,0.0347656360055059,0.023958304382657,0.0377007162515634,0.225381345400879,4.44089209850063e-16,0.0225486854360619,0.251391930418726,0.568963386186515,0.810433647579561,1
"54",1,54,0.112222666472883,0.0139776161509048,0.115272482284109,0.103664794771151,0,0.581140885116978,0.0363366876070808,0.25217050649543,0.503936733312861,1
"55",1,55,0.516008414931635,0.674806436789053,0.514820061483106,0.665749469780169,2.05058192648266e-12,0.459260589574725,0.934156242544778,0.449752872837441,0.86825166683568,0.00829999999999997
"56",1,56,0.401083584860902,0.00712112964432993,0.40076794784206,0.348780827000821,4.44089209850063e-16,0.504707163291697,0.614622399967976,0.39916722626135,0.455417180880362,1
"57",1,57,0.0276316253662442,0.398640852504644,0.0303810750856899,3.67294119940631e-06,5.97966121063109e-13,0.000816967004742875,6.17573091554746e-08,0.141800840716154,0.699055864106341,0.0223
"58",1,58,0.0547055075344269,0.088130771553697,0.057904771823555,0.670971739519548,6.84867701439273e-07,0.820968856512928,0.331109686410376,0.319728610890554,0.347704403447294,0.00770000000000004
"59",1,59,0.315550315132648,0.425447270464813,0.316142972731205,0.216288607547918,0,0.328560630404868,0.647559035072169,0.490683404325168,0.465940156664972,1
"60",1,60,0.0550432961425504,0.120393546914261,0.0582447885140657,0.0358972818168246,1.40026186201681e-08,0.0225560549166983,0.316644324731745,0.463413336631461,0.0553206206220783,1
"61",1,61,0.744543259063795,0.492854579300061,0.742937694497322,0.996982596017963,0,0.969700820389889,0.75572546376829,0.113391665680549,0.625586524235399,0.00549999999999995
"62",1,62,0.399812829681823,0.212619546893199,0.399509178502185,0.535295447530609,1.89757328739049e-08,0.381621258014498,0.890421260901124,0.210594946364709,0.260569838270414,1
"63",1,63,0.0483288574472599,0.426927248876558,0.0514742288001794,0.0923716459274971,1.06066511129654e-09,0.04859069135747,0.303638584100089,0.0971321664777536,0.0503500590055719,1
"64",1,64,0.196706249501787,7.84511091689262e-09,0.198798290477996,0.394832197783781,2.42048671486028e-05,0.655613944310788,0.188280207871215,0.286007060924477,0.911455571447587,0.00590000000000002
"65",1,65,0.24271009989578,4.88827943680976e-08,0.244206251397178,0.196025099616337,0,0.108923093116481,0.681096448993225,0.248196573530419,0.684013697745821,0.0112
"66",1,66,0.0113318369008899,0.0427400759378268,0.0132736852344505,0.0185356241318613,6.12713979553092e-09,0.260731543108613,0.000131220406551225,0.194786677821659,0.210129384797212,1
"67",1,67,0.180422356852567,0.833058328773045,0.182721611406114,0.196890023702112,0,0.535398900211424,0.00860012509782448,0.654646811088357,0.993876390081007,0.00629999999999997
"68",1,68,0.0284660830003026,0.296598297661057,0.0312408056793032,0.0254394350018197,4.56301663120939e-13,0.0477961497347907,0.158717404447835,0.268448421938279,0.0311430000390579,0.0121
"69",1,69,0.012349667566649,0.852511433490093,0.0143682184798196,0.00528007654633456,0,0.0754056687521206,0.0857968486997382,0.852409949690918,0.228632832158804,1
"70",1,70,0.275707579881617,0.47658599685487,0.276783733634034,0.0554387038054829,3.98570065840431e-14,0.13162730408498,0.546948084887637,0.348350466078107,0.182092532885582,1
"71",1,71,0.0124439256365354,0.0349171566466065,0.0144693100967257,0.0232158071519927,9.43449096624249e-09,0.00657446650928928,0.0333733733317122,0.320330490266668,0.0303096608964513,1
"72",1,72,0.630759412537905,0.00353127148433638,0.629139008972413,0.900895841083669,0,0.976593753917514,0.707990948638692,0.761367923221848,0.433292888884776,1
"73",1,73,0.00487091045951882,0.401212559300487,0.00614398021564455,0.664530535433339,1.33226762955019e-15,0.859139384277511,0.100185672153779,0.442122954409535,0.484561992315538,0.013
"74",1,74,0.0599257343974223,0.303486615573126,0.0631532068033117,0.0122946214837243,0,0.0412419292732475,0.0836402215673262,0.502590179589424,0.0611471826265458,1
"75",1,75,0.175141651726943,0.000197826679190387,0.177506950940798,0.0493859524142544,3.72119738965004e-05,0.497336114275198,0.903982377891032,0.799557329992034,0.173262451741381,1
"76",1,76,0.848571995944104,0.944494939782419,0.847361975708703,0.812068513603806,2.22044604925031e-16,0.480859671525533,0.869106550194057,0.866717374538,0.344218888257575,1
"77",1,77,0.025534088658028,0.00152359199317201,0.0282151288448261,0.242554189552312,0,0.908728247559506,0.132899991105913,0.407942381111078,0.969152855972946,0.0104
"78",1,78,0.0055469761204392,0.000127251995794656,0.00691138018472314,0.00649079219382576,6.75073452693908e-09,0.00451780315393546,0.0547692949941578,0.468547112065679,0.00075377078449379,1
"79",1,79,0.0870295236030092,1.72129521561834e-09,0.0902428907842468,0.126317248234545,3.42340711334543e-10,0.0526719986353692,0.791165222280055,0.469265207562642,0.0136864833925496,0.00349999999999995
"80",1,80,0.343484214519598,0.384131821790222,0.343758761382494,0.0625895928837126,1.17131997012798e-06,0.519868644069333,0.884250323343425,0.0671154113646619,0.134948910049156,1
"81",1,81,0.0439753935604311,0.00336850553066042,0.0470693344639498,0.0138647898262678,0,0.0467259109855367,0.700733463571138,0.291480061252793,0.425122322750328,0.0154
"82",1,82,0.676403051786181,0.470430260631929,0.674735678034095,0.756215659283296,0,0.184923247487001,0.246720983358488,0.102684439076082,0.873531071643931,1
"83",1,83,0.9933720334515,0.162086281102229,0.993303686141515,0.125315600989661,2.22044604925031e-16,0.542705159825001,0.790166960470227,0.161747805068749,0.881917555256609,1
"84",1,84,0.616827781785689,0.722180732397329,0.615235890280579,0.222380704791274,0,0.270648498800167,0.326187690117094,0.335071371665655,0.992128579784435,1
"85",1,85,0.175163023037029,0.0825654217333618,0.177528056396499,0.029251679072924,5.6083604427215e-10,0.0758525115243953,0.444921363800622,0.624548966546031,0.0893790273121144,0.00680000000000003
"86",1,86,0.260874106475466,0.92333563227292,0.262137398829743,2.47038029378421e-05,5.23145048881846e-05,0.0959550308572628,0.527171310282547,0.0875227494858505,0.911400295161102,1
"87",1,87,0.49573191282069,0.513593476079761,0.494666226942175,0.30003618280832,0,0.467142111698319,0.58255112273727,0.794332319258699,0.431430978390518,0.00609999999999999
"88",1,88,0.00675655918639961,0.0370811052299494,0.00826813915985143,0.0118544082907786,1.77635683940025e-15,0.000743285334200317,0.0287759705437403,0.218124766445097,0.0206722882245751,1
"89",1,89,0.0131472102977164,0.438702774635525,0.0152222346761289,0.0272327679197476,6.12843109593086e-14,0.39876510779568,0.0478314786525923,0.262877052168842,0.322815684012762,0.035
"90",1,90,0.531159940976551,0.0273927834026351,0.529888924987202,0.00728972078066126,3.71813690946965e-13,0.265750249425122,0.242934966173711,0.747682989932455,0.8862235745998,0.005
"91",1,91,0.0372983860745262,0.463281221978193,0.0402849663886433,4.05936036540488e-06,0,0.0425587696634016,0.47444518637581,0.168714098400183,0.0376241316200439,1
"92",1,92,0.00649678963135347,0.0317472526845666,0.00797831154280188,0.0847355140969529,3.40366338213993e-05,0.0211807371218909,0.361751978791658,0.789038128230911,0.0167287315385491,1
"93",1,93,0.293473202612163,0.0147999173225388,0.294329924927379,0.839787754055512,0,0.250543162719927,0.226117760032582,0.195234096226757,0.260063002546496,1
"94",1,94,0.000172974788577696,0.701637515305368,0.000332701285527658,0.0255317208464632,1.2307821428692e-11,0.496944457953457,0.000160369679740979,0.6760651067818,0.186572535966381,1
"95",1,95,0.10259919147584,0.000427323414949919,0.105723373604314,0.0214797877568134,1.26563981517336e-10,0.376648775075852,0.229288593867719,0.54470565140992,0.498743929282994,0.00560000000000005
"96",1,96,0.555007749562334,0.0101858673704234,0.553622331718196,0.504876924259474,1.66656533018283e-09,0.458397180953686,0.415289122373653,0.309486629986571,0.31726573868799,1
"97",1,97,0.386015201526023,0.712393293142748,0.385844791617694,0.025740849839385,0,0.0995706498127016,0.349329417988896,0.388670774839351,0.464276175544555,0.00570000000000004
"98",1,98,0.313436469409577,0.25410033368221,0.314053955051946,0.00890554313107239,0.0182184735212001,0.163529769268464,0.12366487640598,0.86333513401214,0.897925592970856,0.00409999999999999
"99",1,99,0.0484619828831807,0.00677795786653285,0.0516087263115761,0.0159813693230001,4.66293670342566e-15,0.204070166884862,0.23283844147681,0.309823571268884,0.0745265609563297,1
"100",1,100,0.293361804898423,0.0120303426658852,0.294219885086737,0.188216791805101,0,0.063561436695486,0.293819372354893,0.21629996170597,0.307668263180372,0.00660000000000005
"101",2,1,0.370130251896364,0.285819667241593,0.37029037395261,0.652003673056992,0.389215674751884,0.439726196985676,0.499302976214178,0.163518548114176,0.368002076760314,1
"102",2,2,0.44828326314418,0.431222249917447,0.445202947214461,0.547934176608543,0.489209074319494,0.701314605255755,0.701208661946301,0.620236077139145,0.701804373823792,1
"103",2,3,0.457601273936067,0.491308203091915,0.454190561268206,0.601840511475257,0.570149610126291,0.402391520202031,0.428088261272213,0.247672889286621,0.270244528320815,1
"104",2,4,0.490834200164018,0.429390924440005,0.486346774150197,0.667960777181842,0.589795785970855,0.880866417259993,0.519198521922126,0.592040995380051,0.419301653587693,1
"105",2,5,0.749123161989326,0.000364389459841962,0.741943398298095,0.595968986782578,0.0598013672123467,0.57947136551512,0.356284868010059,0.850698980432515,0.898541650426777,1
"106",2,6,0.970353973986955,0.680844137370823,0.969008127966106,0.696941043757829,0.832950029569822,0.953587338267009,0.959508958116392,0.851864242328314,0.9168106444201,1
"107",2,7,0.829831591029941,0.000159969034982198,0.8239137221927,0.932836045731114,0.976179032930244,0.900627975291388,0.864801748065697,0.445979056413264,0.593398401500796,0.00309999999999999
"108",2,8,0.130813857543919,0.209444400525858,0.144113125202397,0.43777931296166,0.617271887190019,0.282252803375333,0.279748937664757,0.228623144467744,0.200627845074896,1
"109",2,9,0.0548987509205912,3.07717043184479e-09,0.0701971708911832,0.125517010700375,0.230694911030211,0.0558651234888454,0.0766315377456789,0.166694770954951,0.0441949872064695,1
"110",2,10,0.989269408699443,0.000243540784300475,0.98876704937693,0.526760976479484,0.69911953801174,0.912845789776655,0.924448869384436,0.874028000334276,0.954020275926965,1
"111",2,11,0.454447758574199,0.015085116107101,0.451147480657584,0.214817411667593,0.347753649797282,0.640629317373735,0.535434189102738,0.417318089935202,0.538378085055814,1
"112",2,12,0.120540633745031,0.238884376187787,0.134327237870485,0.86160676794831,0.93997899029352,0.757000698003429,0.708314756121396,0.407493636189492,0.662277778434217,1
"113",2,13,0.721423984880124,0.611967860588239,0.71404235936332,0.262374294168679,0.30300158809242,0.700840068800843,0.963645715298091,0.327458116855094,0.795120604678917,0.00860000000000005
"114",2,14,0.168500235623571,0.50912273763093,0.179785612273318,0.144640008869896,0.250653695224213,0.346045142510435,0.23530496142457,0.0717583641707252,0.234172054937984,0.00619999999999998
"115",2,15,0.392243798716181,0.585261895929556,0.391404685700886,0.854766801220684,0.94040962267751,0.674993780913617,0.684401134527187,0.229319432272104,0.396592024325877,0.00509999999999999
"116",2,16,0.882686249675006,0.00148622540344546,0.878135918518149,0.832538494541735,0.784103109505596,0.66809431480556,0.535436005255335,0.448722850647913,0.639781043654878,1
"117",2,17,0.0646953758997875,0.129712694740674,0.0800627040830755,0.178794865521422,0.302028410449363,0.0836957582786075,0.0926197339560053,0.0720529245847499,0.0205756496370928,0.00109999999999999
"118",2,18,0.645336709180477,0.00113970898762477,0.638009963175716,0.971966219244982,0.951336877930449,0.864317333152222,0.833493687339593,0.821476992863669,0.607159297668278,1
"119",2,19,0.295632115662082,6.28156729531385e-05,0.299581417073951,0.183655747977161,0.272643331656324,0.464373971066566,0.253329433026877,0.438639246293945,0.35590741611427,1
"120",2,20,0.936144846097144,0.51871265019233,0.933410256887297,0.24815152504439,0.371891805137532,0.898778785132327,0.859760042911778,0.55347328691553,0.568350878165961,0.00409999999999999
"121",2,21,0.00802752851596444,0.0244553778612475,0.0173790112855602,0.00348861104196541,0.000116081342022012,0.0245760544886918,3.11642618141539e-05,0.114178858325788,0.000886005198633799,0.00170000000000003
"122",2,22,0.373854829842741,0.725141784507424,0.37384230830968,0.274646120431196,0.41731570832435,0.333878827800021,0.768147988460235,0.119157452132123,0.504668766704198,1
"123",2,23,0.911662200285571,0.103584805612233,0.908042246424963,0.966612391728004,0.758459527224783,0.861285181690825,0.797733018307461,0.62829669947139,0.707054843786479,0.00380000000000003
"124",2,24,0.558175147062903,0.452461140184158,0.552005513615878,0.575734123996194,0.732850216190593,0.390517639772379,0.70247428601218,0.401327043084174,0.63195898262765,0.00209999999999999
"125",2,25,0.584359072622256,0.586170502371775,0.577719778987891,0.222368843444484,0.36781790393697,0.749374617333348,0.824779277570839,0.593644528835657,0.783944259888382,0.001
"126",2,26,0.0170855558939644,0.130575541702081,0.0291797340557248,0.0316593648750609,0.059053771399546,0.150500806759154,0.677563989979972,0.359708958748443,0.632445693662207,1
"127",2,27,0.262055226913316,0.179934828004043,0.26788769910115,0.425273702590666,0.605712363963692,0.4071767854606,0.433257584848594,0.207617650162141,0.241063646587076,1
"128",2,28,0.137531306952165,0.210924352432707,0.150494115061705,0.384627338219922,0.534310201462796,0.301443865227208,0.318607778617272,0.168696819186575,0.469057260220459,1
"129",2,29,0.0504526634712078,0.137977221893228,0.0656585061760454,0.325044210697377,0.495699500145712,0.468354987610356,0.467977104966912,0.126896093681556,0.117303307077977,0.00180000000000002
"130",2,30,0.282361758298439,0.328156372328498,0.287044799539367,0.0908788428864616,0.0699729389745872,0.34475962581979,0.412967246143333,0.0733530564470181,0.298354198499747,1
"131",2,31,0.333821417341344,0.71483614188451,0.335752157037838,0.313278471233692,0.460712920870666,0.254676843345259,0.277265419479781,0.202396880064947,0.218714007559285,0.00600000000000001
"132",2,32,0.637838808717123,0.915427969576251,0.630565796143034,0.251186551930179,0.310623245691985,0.658514937241555,0.623180893989643,0.439203976047281,0.364988422065748,1
"133",2,33,0.0835418712705601,0.0688323398710347,0.0986617060409645,0.0118017459260173,0.0288343384531504,0.00366080363610299,0.00480481113831188,0.0587858162493834,0.050277235945834,0.00280000000000002
"134",2,34,0.969550559249185,0.00998607289641126,0.968170076827726,0.635765834912107,0.389404813949233,0.837158397610811,0.81489826730361,0.648677077944326,0.87127419197857,1
"135",2,35,0.0835384653212459,0.00142584093665095,0.0986583793661713,0.109722651967131,0.200935532416373,0.0502845444897114,0.0572372325394852,0.115053560811015,0.0529246110451752,1
"136",2,36,0.701326953316475,0.000536177476184788,0.693872989856482,0.168530375085386,0.271267238251748,0.186085046440824,0.183758804159907,0.309752106819928,0.255312841140636,0.00360000000000005
"137",2,37,0.127031303183679,2.21463923076359e-18,0.140514146994208,0.06838786267348,0.116613027959294,0.0582810866174444,0.0458792731735906,0.0248400699253331,0.0409769201077828,0.00419999999999998
"138",2,38,0.000437900381777712,0.157658231530104,0.00323579432017161,0.515054156024292,0.458319149746369,0.469486110360909,0.987811223913535,0.304879519203205,0.732088525162862,0.00190000000000001
"139",2,39,0.807476622263993,0.29501615610545,0.801108986509555,0.64564308762851,0.0394179913897664,0.368199145785127,0.154719146003213,0.583152340209245,0.581409237990763,1
"140",2,40,0.0136913939177993,7.97626033360192e-06,0.0249695363433734,0.154559191445283,0.216017861266867,0.162371831263085,0.0791050422830111,0.347571782394528,0.295932037764982,1
"141",2,41,0.0530931040296737,0.250789789986923,0.0683591375325993,0.457173416337535,0.636040680875509,0.506997073364937,0.395544718207908,0.427646458368756,0.638799626374692,1
"142",2,42,0.353165104449936,0.00333457162001573,0.354133159782922,0.658531432673658,0.814656211198895,0.520434560271775,0.511761905140736,0.114471379565176,0.246469123829405,1
"143",2,43,0.903541412074782,0.0146738429645408,0.899647847417246,0.9356196881081,0.966800767574181,0.857801005511058,0.848300718286313,0.620557846936927,0.66710354632545,1
"144",2,44,0.00333967937375967,0.622371830180098,0.00995975628788314,0.373336868890491,0.540748425256067,0.312487066254317,0.225089558833939,0.464165320980635,0.630053670473956,1
"145",2,45,0.48117741072206,0.233896190583036,0.4769863364705,0.291712837390914,0.430862948525174,0.470278577815463,0.382693390293954,0.779648828818087,0.72746652785922,1
"146",2,46,0.407825242647841,0.252328368047771,0.406320191321018,0.312279642363339,0.275633688195736,0.897850452097116,0.865223788622554,0.810254659291264,0.526823303889973,0.002
"147",2,47,0.0180977681998009,0.536157367415842,0.0304020410130896,0.193348414215536,0.305456482404831,0.133951828733663,0.118565313407093,0.15058755316478,0.157163824031937,0.00180000000000002
"148",2,48,0.122719262392567,0.1184546527253,0.136405591658454,0.405500029449986,0.584976401819803,0.268187818024911,0.332757516307988,0.760059135717416,0.991070665743996,1
"149",2,49,0.521168209614095,0.99707339773863,0.515839209784059,0.354033210155549,0.513853853476557,0.365945117684791,0.365045906291385,0.285764801919979,0.194006692992981,1
"150",2,50,0.209321850795743,0.294155954994128,0.218235146040803,0.615543796407637,0.262629501965186,0.439218150722783,0.220020959747682,0.167811255223951,0.107315868867626,0.00249999999999995
"151",2,51,0.71636611915609,0.0558058250157145,0.708960417057317,0.783697944080047,0.893803250261424,0.762918769648561,0.777587132665887,0.538780786993222,0.58835522145011,1
"152",2,52,0.583338466069837,0.00129240439335969,0.576715524337518,0.327475674300846,0.474583503451491,0.389346849208464,0.412844598893175,0.0628659102736949,0.330740704728137,0.00480000000000003
"153",2,53,0.911091075853444,0.566533076969445,0.907451552238296,0.423258770142998,0.488219780777197,0.341246200978753,0.277103679335819,0.606533122185432,0.549901790868135,0.00800000000000001
"154",2,54,0.881987427567565,0.00909708892385933,0.877416234810695,0.799453247289059,0.765111373499263,0.539300744843497,0.714361052350254,0.813321142150729,0.795082271178432,0.00490000000000002
"155",2,55,0.0796013494394511,0.266520372104042,0.0948056084356605,0.328668371937494,0.45778145507138,0.203934981613134,0.213410512989911,0.0729065740896016,0.0839401853246173,1
"156",2,56,0.782068341811406,0.00217301720501986,0.775282679780884,0.815063124643455,0.869027774593722,0.852037982385558,0.630834180028046,0.902149554081693,0.873672857530065,0.03
"157",2,57,0.81996483077058,0.634109127737732,0.813839000737675,0.288167460377894,0.207772759198508,0.168471577927101,0.103809605653656,0.503219856915539,0.556006502214045,0.002
"158",2,58,0.91569275453429,0.896106662689521,0.912212315135539,0.874760560336717,0.422282195571527,0.696430115448071,0.97624771822516,0.612876766043055,0.855078044705147,1
"159",2,59,0.849430050253747,0.0585182606274304,0.843969474675266,0.190808210603445,0.308421538542423,0.327493774726389,0.530698310189448,0.978822672713566,0.948061203374059,1
"160",2,60,0.474023902514706,0.244787219951669,0.470061120745451,0.250508550657393,0.351393239510637,0.370199923154702,0.457731617841753,0.255642740609282,0.368977728516258,0.00460000000000005
"161",2,61,0.00270811145214445,0.000173331260465094,0.00877784629336234,0.269608646284145,0.27806973489547,0.387327857323767,0.2834644734291,0.0468068961132549,0.323466142045569,0.00390000000000001
"162",2,62,0.241613094515194,0.315831871615297,0.248628576644918,0.0437751471589727,0.0804060213204292,0.0163555281024543,0.0756331422189479,0.0828383110804387,0.134230749231593,1
"163",2,63,0.96592509023706,0.94558327405164,0.964389515893355,0.952865752788067,0.940796663797052,0.820798307118369,0.809264667749017,0.749835332318159,0.775593777837051,1
"164",2,64,0.647864862869971,0.0297923109451064,0.640521950713207,0.832539580986742,0.349727870205613,0.724871412205725,0.740476656645935,0.222511037173089,0.464827970291626,1
"165",2,65,0.305522655762081,0.00107089420724078,0.308935273586119,0.74351573843113,0.869284825664203,0.616510012882213,0.662921661872417,0.337892875594162,0.406568138973993,0.00260000000000005
"166",2,66,0.727558499723091,0.737432039292184,0.720211374605359,0.669472706143964,0.677644437319974,0.411041331253024,0.377352892382943,0.511724135241963,0.540634452829184,0.00249999999999995
"167",2,67,0.735394315225576,0.0184933813331125,0.72809970518441,0.951008278511857,0.984323756919958,0.925240327886042,0.956437268827904,0.766034575510366,0.836933508151657,1
"168",2,68,0.0433363588421092,0.672675728806693,0.0582929479213436,0.0400900285937514,0.0873760988652794,0.0168709576677184,0.022334011336492,0.17813720360284,0.039884352302168,0.00260000000000005
"169",2,69,0.283148679665836,0.905431067677851,0.287787799641912,0.544910702584586,0.375850442000655,0.117087066206596,0.194845381102056,0.939193082565439,0.762518810963634,0.00329999999999997
"170",2,70,0.702004186614459,2.40547568505886e-05,0.694551645649866,0.308234773162679,0.225369342603176,0.362614306109989,0.302454280415784,0.287433175115008,0.277139439252928,0.00229999999999997
"171",2,71,0.146266299735224,0.0133740936935133,0.158774363190395,0.32597642625756,0.446896489498399,0.261504655244357,0.1869877662707,0.0628323346109056,0.124389027199885,1
"172",2,72,0.990444238793445,0.60753048854021,0.989996038911598,0.0615379316626253,0.0819987926145781,0.865625631801564,0.82708717713231,0.854170720121031,0.749718427174959,0.00319999999999998
"173",2,73,0.0194274604547651,0.553009774993293,0.0319882598935753,0.256688398696955,0.279018555069682,0.116576385794457,0.0848770500869713,0.0815823195040133,0.0784341211742541,1
"174",2,74,0.0271395189046409,0.783664208930925,0.0408482061735019,0.831695778790035,0.582882130973435,0.529551369203772,0.932130394184588,0.767337544728891,0.75207222860098,1
"175",2,75,0.574348366052992,0.295808399550128,0.567876321030505,0.523022278121117,0.661973674955873,0.348861478738802,0.41664082096142,0.917471772780034,0.834750397096855,0.00160000000000005
"176",2,76,0.760454258167236,0.429069390070443,0.753391175341659,0.7784912212594,0.827476642820177,0.805516739509184,0.675671825456504,0.616104180080332,0.540082533917787,1
"177",2,77,0.0908647745970613,1.47696447244147e-06,0.105791209755499,0.290555045064924,0.219553426342226,0.153620843414822,0.0746396535687401,0.114955200982441,0.0351572104941187,1
"178",2,78,0.623683707458542,0.117172609192209,0.616535718505665,0.698855768616866,0.310994290970914,0.860340623207913,0.437098694273291,0.345477176854809,0.222331124313108,0.00519999999999998
"179",2,79,0.209553137546234,0.842833736213866,0.218452806458779,0.635861147216582,0.727138032940254,0.599024953935945,0.452275636602839,0.200714666940454,0.375746613432654,1
"180",2,80,0.425652019838928,0.796884702968566,0.423425043543763,0.0233759744263836,0.00315996234531246,0.318229851399588,0.62796106677104,0.672962295744708,0.870193169406375,0.00700000000000001
"181",2,81,0.565758782091818,0.479807385595301,0.559442402146234,0.724809029467004,0.290076220571077,0.322462037997794,0.473249630500224,0.295563497627117,0.239296655761193,1
"182",2,82,0.881243653201022,0.0203327478430084,0.876650338583886,0.767139049639684,0.884155201545726,0.561866949424645,0.569777782345383,0.835536655670069,0.804252481862659,0.00370000000000004
"183",2,83,0.915032782729261,0.165949553782704,0.911529330304328,0.719498877329138,0.712167796783087,0.883445897073779,0.988021723142079,0.781948025632054,0.955708049581914,0.002
"184",2,84,0.347600724559095,0.726415378670896,0.348841284795298,0.903046767206599,0.857921146349817,0.665861063767257,0.706806511053814,0.954898296427056,0.830429215722,1
"185",2,85,0.882353481875524,0.257276045021139,0.877793207479494,0.174585800078396,0.231398910268979,0.202006714273367,0.115800367388165,0.954616233139,0.955318660499356,0.00329999999999997
"186",2,86,0.756750207843442,0.320242801842918,0.749646805616253,0.886208457090027,0.875645149308099,0.785278830480572,0.722487164421175,0.391128180214643,0.473062528990981,1
"187",2,87,0.331988688760424,0.00775183180655074,0.334012833917265,0.72248873885322,0.858392598767116,0.508453553553709,0.546143904714656,0.191773243657436,0.286788370532945,1
"188",2,88,0.112229357956199,0.536357130169834,0.126381005856702,0.450748473147099,0.513712745023866,0.782447574529072,0.83429091878453,0.55000772833695,0.642938351790056,1
"189",2,89,0.863627023729442,0.72491806920097,0.858534386610936,0.831723099538521,0.931221104858829,0.792712689946833,0.802452917385774,0.883405463490494,0.858876304068019,1
"190",2,90,0.891816235598008,0.548384253233753,0.887545285904227,0.918270813554998,0.76693532341069,0.893131988315284,0.770227176589421,0.321324751251184,0.449888195092104,0.00409999999999999
"191",2,91,0.421170477943862,0.30539451435535,0.419120914005742,0.08214501183308,0.144625503056376,0.0570013124718972,0.0645017520851323,0.536286217473634,0.28937829590097,0.001
"192",2,92,0.478135445624935,0.544385308397723,0.474040542200958,0.579611832365015,0.749674659481185,0.388517893028679,0.407568281148964,0.320376124533725,0.314426161459224,0.00539999999999996
"193",2,93,0.728926010949953,0.701769812645232,0.721587368318468,0.757424153933576,0.720413514834206,0.42219180877304,0.479517942196396,0.387178877724755,0.43179439507527,1
"194",2,94,0.257587774969002,0.763533846860744,0.263676855490054,0.3801679521203,0.553527734347996,0.285367102181453,0.300283583463471,0.650395816145975,0.781266558411391,1
"195",2,95,0.664467429730652,0.633823296514677,0.65704282774483,0.864800707273404,0.942638054466947,0.708808184442634,0.718693773542149,0.354129686832905,0.3999993393142,1
"196",2,96,0.821504681860895,0.00697245184652275,0.81541032440197,0.70446242800969,0.770768919714423,0.702449506008626,0.665676619356024,0.656725281610525,0.742602215963772,1
"197",2,97,0.135204625619972,0.457705445781691,0.148285390518034,0.392944143254639,0.556067583053743,0.231127469700601,0.342080480565848,0.771968877042223,0.664298775175921,1
"198",2,98,0.229691495204031,0.000215947310111357,0.237405247342262,0.441533746544516,0.621758378416108,0.306238118867572,0.330241063097884,0.187817742181309,0.144885274908623,0.00260000000000005
"199",2,99,0.0920633978719777,0.78641555260261,0.106954098061714,0.187324890890642,0.124898350613905,0.0676854997465505,0.24300354188108,0.777447350394745,0.67272297118968,1
"200",2,100,0.528888381317081,0.670638807130411,0.523367030503366,0.599810223873107,0.433956373759366,0.957561652911837,0.935734472543956,0.895588519467354,0.846027652062564,0.00260000000000005
"201",3,1,0.700195156493256,0.00160488653357749,0.700033989045695,0.295718366876686,0.229086803674994,0.741134415577646,0.542097396709946,0.532278928621798,0.37794805903964,0.004
"202",3,2,0.654080105005194,0.326042252246563,0.653919773963943,0.774471886679009,0.811202139222283,0.650705527024862,0.718129056138876,0.343551856801936,0.430189998794576,0.00770000000000004
"203",3,3,0.108384325309582,0.613159405401958,0.108679971249131,0.128381677551274,0.0937456455898568,0.0455726026850078,0.0366131327804358,0.0278038889619938,0.0199708774249897,0.00549999999999995
"204",3,4,0.801399238602245,0.394131040616767,0.801260584498298,0.896386188963986,0.953458118766214,0.811955674795817,0.780238517712255,0.568661331338717,0.547248793170512,0.00339999999999996
"205",3,5,0.248233601455898,0.0821116465857128,0.248370285905594,0.266664757506791,0.23008742356443,0.350911412944326,0.313207509843458,0.166236868045034,0.115783326305131,0.00519999999999998
"206",3,6,0.357787732352454,0.564728314647672,0.357798122236258,0.858464622500951,0.522346221043073,0.453670595845446,0.574673287756095,0.989170344035318,0.825700600333258,0.00670000000000004
"207",3,7,0.0407159292218845,0.00577938631125663,0.0410045127777839,0.0217446765100547,0.0318668933866674,0.0595458496160194,0.0670737542637199,0.511728609022346,0.453262794691212,1
"208",3,8,0.184504824513226,0.805270622829702,0.184720933833535,0.764181003668931,0.745933443701558,0.625684068073021,0.551435035003353,0.355762082320684,0.310048689578756,1
"209",3,9,0.0549317729280467,0.0329378326583977,0.0552365099509994,0.0172785992255895,0.0180478468081875,0.13278289771012,0.0817777104099064,0.597337866692802,0.856129351715453,1
"210",3,10,0.402452155051813,0.038400317212727,0.402419254574552,0.142782626731469,0.241649802219193,0.222773775003006,0.191234589300828,0.166274117563644,0.170568801353128,0.00470000000000004
"211",3,11,0.0034468908766716,0.0115028338804386,0.00353944849235211,0.00203843921203473,0.00514010136946519,0.00613827779991838,0.00755874955505043,0.000979126884126935,0.001427068546344,0.00290000000000001
"212",3,12,0.830480965295751,0.0710025903839282,0.830354887863301,0.69694809911093,0.42980063723543,0.592828371266623,0.700241953779894,0.616152606368649,0.547033884981807,0.0091
"213",3,13,0.0374654257028624,0.0966638549255995,0.0377482179771952,0.0783950852567501,0.115826981118365,0.0361267477875937,0.0605643490358142,0.0145950210884072,0.0253812679820951,0.00270000000000004
"214",3,14,0.0569798248428576,0.815451401449404,0.0572859097951659,0.240462610957641,0.37958908353829,0.122644764928407,0.126068726746131,0.0391537075482669,0.0487751803811449,0.00409999999999999
"215",3,15,0.0798869947934947,0.028024445887378,0.0801967884765397,0.0651031840927203,0.0464981085463221,0.115406485733817,0.137189954851245,0.115615133896668,0.0770572517643463,0.00549999999999995
"216",3,16,0.0281300428956293,0.00353880208245441,0.0283900243042044,0.0175294385990465,0.0315190555429559,0.0205818209515535,0.0317792766758191,0.00615225715644696,0.0120863250761727,0.00180000000000002
"217",3,17,0.633330953760794,0.72615088378537,0.633173286176119,0.537380246103874,0.525453835006131,0.666512776472088,0.762297466929195,0.33639273495368,0.435996952760758,0.00629999999999997
"218",3,18,0.158740378453875,0.433275128042821,0.158986988495904,0.0341735448578677,0.0519806020988289,0.0804646620938068,0.056373590097728,0.193123146104454,0.234995403137295,0.0152
"219",3,19,0.00309403279081466,0.537887053840931,0.00318069816817402,0.00912370982526767,0.0177866236247527,0.00340280158686057,0.0054662272213517,0.00208997024661506,0.00267850003141012,0.00380000000000003
"220",3,20,0.833375860001505,0.000104243883063278,0.833251181995102,0.0742411053432362,0.139117679180787,0.924354557180903,0.925068387427771,0.683166846746632,0.684320262845301,0.00539999999999996
"221",3,21,0.213577015357771,0.0166442033351718,0.213757079154283,0.0389585614327541,0.0781170173203942,0.249047932869591,0.265401125447106,0.0984433947113829,0.117288681003779,0.00480000000000003
"222",3,22,0.290707888568348,0.866773674192723,0.290792876538414,0.144984418945227,0.0868203450372907,0.437437324225687,0.611745972018275,0.204402458451423,0.343760744895812,0.00239999999999996
"223",3,23,0.00976203086360616,0.494059300809845,0.0099276490586295,0.004029650154595,0.0045019522564822,0.00212863154770782,0.00266421118935978,0.229330945393075,0.19340939843264,1
"224",3,24,0.145571072306139,0.0259176145490831,0.145832271218409,0.0582345372052919,0.0864641478215292,0.325330906349984,0.406060660649527,0.131262715896542,0.205064271831041,0.00380000000000003
"225",3,25,0.650164633085384,0.323755858849858,0.650004695806578,0.758343730084362,0.41494329850545,0.624129091449603,0.559287916618411,0.366848021158445,0.268200344357346,0.00719999999999998
"226",3,26,0.007098236186454,0.600145295040786,0.00723841359345239,0.00145885516634547,0.00341378522287639,0.00422305018209101,0.00439297608770017,0.00264462805962207,0.00317905826288911,0.00480000000000003
"227",3,27,0.737115328375108,0.125386979968361,0.736958519451691,0.957454196605553,0.630048941539234,0.837681712473461,0.846207099192737,0.861096362554048,0.751124036443752,1
"228",3,28,0.171978659410028,0.0239668085651874,0.172209851321169,0.384988602351652,0.369568029792866,0.242409452339416,0.186312199776453,0.0979419025118233,0.0866975811670749,0.00649999999999995
"229",3,29,0.0205637283368898,0.537252728884248,0.0207958325344505,0.0557535457452689,0.0796493652063257,0.305224312340895,0.363553625511615,0.108737856492294,0.131811554624302,0.00449999999999995
"230",3,30,0.104806911591326,0.0032545411264572,0.105105096450361,0.0825015661322862,0.121129875639427,0.105268278095326,0.0868500444217775,0.028935545122724,0.0261956565719181,0.00209999999999999
"231",3,31,0.511754297603912,0.195148325307509,0.511640819377366,0.370802052550898,0.520406204694011,0.419402101088244,0.448564958547145,0.252834643243082,0.293370639179406,0.00619999999999998
"232",3,32,0.398050147471634,0.000264517833828772,0.398021261399466,0.179087444672207,0.0975521635869868,0.449292475362404,0.528979955344374,0.527452550286593,0.381228751654115,0.00319999999999998
"233",3,33,0.138902605876719,0.0408523125680847,0.139170822060715,0.127158783504457,0.00869157189100278,0.0447428762292708,0.164105478896857,0.0573716445460271,0.142604876532981,0.00290000000000001
"234",3,34,0.257101998665661,0.0088123082009355,0.257227695227527,0.249863297252597,0.366314895684694,0.803371042585887,0.810487042413543,0.752444714630075,0.716449353559745,0.00470000000000004
"235",3,35,0.921040599701352,0.0248703944688861,0.920970803478449,0.620569087076691,0.733042916007272,0.410115948933705,0.431016905239846,0.965091862265651,0.980234267938803,1
"236",3,36,0.727613167886892,0.160869530609394,0.727454811758778,0.584298494489411,0.118169456609459,0.299269894851241,0.428708741433791,0.42536517532444,0.71443795875287,0.00580000000000003
"237",3,37,0.3916999544626,0.40996546868994,0.391676958961068,0.94330896982075,0.787872186595649,0.705672666451566,0.836750108123369,0.781112190401307,0.974562363046808,0.00770000000000004
"238",3,38,0.716099862599712,0.17636759503401,0.715940026536464,0.909072848299897,0.834536926628417,0.806848584727351,0.786981483538176,0.564008929454564,0.489295837599994,0.00719999999999998
"239",3,39,0.012870589527646,0.333304943904104,0.0130600940725009,0.00751557057795682,0.00557115985374401,0.0133407184329766,0.0258565624673713,0.00240495434332688,0.0072462062168287,0.00319999999999998
"240",3,40,0.282149021002339,0.596745117294558,0.282244210081021,0.127624255133523,0.0952066401929647,0.515009511057026,0.608115881106634,0.204327411275128,0.330370158138069,0.00629999999999997
"241",3,41,0.664378251694403,0.0224263138340685,0.664217126586916,0.609282235101525,0.639484865632612,0.658414454685074,0.724102571907305,0.335260605003883,0.447961416523905,1
"242",3,42,0.650284402503997,0.335504121376787,0.650124452435615,0.942388144532936,0.748450726593555,0.766408891942712,0.775261589227808,0.685064352422958,0.578544358351507,0.0249
"243",3,43,0.543804023689607,0.666378843419223,0.543674169647467,0.410167987301375,0.492005057000146,0.545289760753723,0.626504724435925,0.570158046947295,0.638415524509719,1
"244",3,44,0.247522912510181,0.231165426094101,0.247660480705798,0.193651915606014,0.243172220058522,0.243740458467608,0.206296132041526,0.0752318373491443,0.0714720030075254,0.00419999999999998
"245",3,45,0.800273628653684,0.320505860966965,0.800134542084141,0.749012874935371,0.48071402272696,0.817194509255269,0.726029281863039,0.495978739329472,0.389489380297665,0.005
"246",3,46,0.0429013701866212,3.48536430531012e-06,0.0431933426662917,0.498427384047992,0.657710064653643,0.480172543895188,0.490010836554491,0.282436650338961,0.306576067000647,0.00760000000000005
"247",3,47,0.516131553056667,0.0501428770258165,0.516015640271068,0.431376101097092,0.599213165903871,0.42240005529619,0.420555216393591,0.313991252533689,0.335103339948761,1
"248",3,48,0.391547224159732,0.271723166567495,0.391524371754858,0.454595176659114,0.422600206471079,0.203980645766334,0.213724347321455,0.27090612250931,0.22493772186025,0.018
"249",3,49,0.0866395882882089,0.0273427918690732,0.0869474717748014,0.107177175719156,0.0879963108555071,0.141588257173679,0.114015887171346,0.0900386040380299,0.0486313144337913,0.00480000000000003
"250",3,50,0.0786141171975012,0.0033900151153412,0.0789241452399513,0.101386398156111,0.143854974455583,0.0372883125290148,0.0344137041908019,0.0237676277567668,0.0260020353418354,0.00590000000000002
"251",3,51,0.441438052173028,0.537132042085243,0.441372129292025,0.41538328539308,0.560051325947355,0.612987085326263,0.588585808304227,0.37368679511367,0.337462529064725,0.00309999999999999
"252",3,52,0.375311873842,0.737131663470338,0.375304613348697,0.344105672714914,0.183865212698374,0.353210286744907,0.305813103680275,0.148071138681696,0.120200898839294,1
"253",3,53,0.0533334842384084,0.588143188038794,0.0536370211724952,0.0877174499751647,0.0593891444528283,0.049001148693534,0.0304216449959889,0.013561357398544,0.00783325436007409,0.00439999999999996
"254",3,54,0.35322850117096,0.722706786182793,0.353243618079709,0.237194665430051,0.154989214184151,0.116671054901135,0.145555660505107,0.335418438340179,0.272823685913856,0.0455
"255",3,55,0.101112012029873,0.877271870501834,0.101412625244562,0.053611823708308,0.105058956024429,0.100761734820913,0.109017099125713,0.0235791224830844,0.0326704374883617,0.00539999999999996
"256",3,56,0.297384891543623,0.308519389130194,0.297462013679183,0.266792546238514,0.371684503340625,0.3115259490427,0.342880841658073,0.121119548615554,0.148800088557256,0.00519999999999998
"257",3,57,0.0818642037365194,0.00932835368101865,0.0821735512368985,0.280268101776839,0.135974055635303,0.0976567966810987,0.170892053734519,0.11672474266507,0.209073936580181,0.00439999999999996
"258",3,58,0.312687016744475,0.301989997727266,0.312746445692734,0.135211862216787,0.224550806738916,0.149161673690301,0.147033888918138,0.339434221618297,0.361856380960531,1
"259",3,59,0.46070379535247,0.21943562522311,0.460623279273092,0.237630175707844,0.170560911354782,0.453422287619402,0.570357491269599,0.192885005975899,0.3047959029008,0.00719999999999998
"260",3,60,0.238716833750014,0.0129326314477177,0.238865384346044,0.0954163689015761,0.114153363780141,0.14020003372911,0.0765123166969119,0.972571601736303,0.884826097760154,0.00329999999999997
"261",3,61,0.135148589520563,0.586088966728634,0.13542062547304,0.158523733350556,0.142786427885469,0.105122600904404,0.0868043673459671,0.0522631759082497,0.0287829723999853,0.00549999999999995
"262",3,62,0.165713450418408,0.000763973064010968,0.16595201809269,0.326613027916405,0.44137764791407,0.192298920828911,0.177792226544315,0.0676893212228642,0.0746672966053372,0.00600000000000001
"263",3,63,0.561936077960365,0.365231284972938,0.561798452738926,0.54010057395209,0.63058383629078,0.940683994300969,0.979686413284245,0.650185003598342,0.767024501149805,1
"264",3,64,0.0215598732209883,0.174338899039598,0.0217962849424159,0.0679661808567475,0.0872228190370841,0.0254331851755425,0.020982576299661,0.00735056210298668,0.00634044041681203,0.00549999999999995
"265",3,65,0.0694584376431019,0.0117394187258141,0.0697687945311354,0.0174698731393927,0.0237760275914365,0.265140820848138,0.287986519859026,0.171826057385313,0.128124819440538,0.005
"266",3,66,0.616381472716823,0.568921083039185,0.616227036981222,0.607016711514566,0.287128880546356,0.680436289559212,0.92704959807801,0.413396240948699,0.659392038155611,0.00600000000000001
"267",3,67,0.373071705678195,0.91714493535707,0.373066654711314,0.117459993637535,0.163141761368254,0.210745347627852,0.178632187560585,0.361039507905899,0.465918969336813,1
"268",3,68,0.0439900891863749,0.800785250621879,0.0442836107593173,0.0212584775456039,0.0454775449240932,0.0222782626542189,0.0248566062000244,0.0152568585413529,0.0203377597611145,0.00429999999999997
"269",3,69,0.932649236753896,5.02941589460438e-05,0.93258850443565,0.321094693048643,0.468666724576969,0.62429478209273,0.650138433409592,0.837831106554924,0.887517638409399,0.00639999999999996
"270",3,70,0.0290510244068756,0.392422457481938,0.0293137414904364,0.0671148314200425,0.121799140580605,0.0371935945028389,0.044429721220213,0.00887455410130189,0.014333835361229,1
"271",3,71,0.300736793846347,0.148861647741999,0.300809999549346,0.527040206377618,0.186609377121674,0.276165403849165,0.324997174826571,0.241056836253255,0.197099655867824,0.00870000000000004
"272",3,72,0.867905365286615,0.164794789048609,0.867799425224332,0.582798493379895,0.742459297656483,0.501082400999746,0.461349370268765,0.743113765190949,0.792097874394259,1
"273",3,73,0.0747376550639774,0.0611410083384851,0.0750481259653073,0.197343611087859,0.321586088021633,0.0982931413716971,0.0968338825692567,0.0359517363294257,0.0373063696083051,0.00480000000000003
"274",3,74,0.73070599381136,0.602389040746398,0.73054810896856,0.657716363790409,0.80302445988603,0.633019253967411,0.680725449655006,0.407987416971237,0.445033419697205,0.00490000000000002
"275",3,75,0.115858854314955,0.179205418319855,0.116148660212704,0.0674710526567904,0.095550300799653,0.792435911653967,0.858260613600258,0.427535416936042,0.545595852557185,0.00519999999999998
"276",3,76,0.39913877106812,0.0452329562322157,0.399108886980795,0.110063946848308,0.0993382474736475,0.335211401839159,0.169695004072442,0.247583142197667,0.171623223259912,0.00460000000000005
"277",3,77,0.0142578403224768,0.00990696781836041,0.014456511937817,0.0050514047136081,0.0103172889201426,0.308881927278713,0.309127539729088,0.23063989829641,0.241302464439754,0.0071
"278",3,78,0.00217749428497216,5.2763387091059e-08,0.00224706895693062,0.023619844988265,0.0410775314235448,0.0100716602900214,0.0132602125697017,0.00243805189976354,0.0043794965893087,0.00429999999999997
"279",3,79,0.0717255983594798,0.290854047992594,0.0720361116475267,0.0346719160988087,0.0132055243752994,0.00500754695562455,0.00638945078539599,0.0173394655586059,0.0103372576545618,0.00629999999999997
"280",3,80,0.0455997472767941,0.0032596736211137,0.0458953996214575,0.045192194314139,0.0585375971684642,0.028167413826655,0.0237843580368178,0.0116766610901158,0.0113702896692864,0.00480000000000003
"281",3,81,0.0976309838427708,0.190541021852382,0.0979336895844039,0.132785785771057,0.209346293152085,0.328514633586718,0.318130075940036,0.153437325045102,0.119082387852569,1
"282",3,82,0.200522367711501,1.20495412713725e-07,0.200718735399637,0.050784991292548,0.0969946831983515,0.301082073762752,0.295237322007008,0.105369882656951,0.107849602128311,1
"283",3,83,0.164365904875413,0.192883253185661,0.164606041334941,0.0739342900786757,0.0545258579303554,0.01904982627691,0.0256024647268873,0.161339844550353,0.235798484261039,0.00409999999999999
"284",3,84,0.484086800429986,0.584133628047939,0.483990147694087,0.238192016327626,0.198590049023281,0.366199591226631,0.309395416821387,0.202209613084791,0.14673091909125,0.00349999999999995
"285",3,85,0.165275988445997,0.936238958158057,0.165515066100989,0.0785604944997196,0.0446650312172899,0.0193419313985341,0.0321473643935739,0.153348698297238,0.113904372932942,0.024
"286",3,86,0.591583694440324,0.0091967141524529,0.591435699667873,0.456966587414667,0.625765262505333,0.288144918293553,0.287836279189422,0.368816604893456,0.407216673455231,1
"287",3,87,0.154440934609898,0.00253318708627966,0.154692401793236,0.274735310498935,0.242038796779311,0.11601616949751,0.102004096124323,0.0615459111914516,0.0493186997600064,0.00590000000000002
"288",3,88,0.318635821020075,0.0457519713766942,0.318688505689826,0.329340382927836,0.484980739753726,0.198644305161345,0.206132238553186,0.116792931961031,0.142138871519673,0.00690000000000002
"289",3,89,0.628441564244148,0.000691747532779124,0.62828473141143,0.433905941571572,0.470167179441911,0.796974165386002,0.780241651817041,0.506164950581311,0.468139546571932,0.00670000000000004
"290",3,90,0.626349548758305,0.104499846836051,0.626193097249455,0.976461633265777,0.707985426509941,0.752651888997437,0.749979509323742,0.777236722908327,0.563004464313751,0.0421
"291",3,91,0.151815440359992,6.18003401812238e-05,0.152069830914516,0.279030805672724,0.381447223426356,0.209210653330558,0.174243321825541,0.140436076045126,0.133643709624131,0.004
"292",3,92,0.441206814893541,0.0341569839456606,0.441141074241631,0.0252172591396134,0.0534512908044827,0.424611616772628,0.433089097113103,0.160973748067978,0.194564468792712,0.00309999999999999
"293",3,93,0.00292111143799922,0.423996590898133,0.00300476451087257,0.0015269394329277,0.00363097720318106,0.000812641621277477,0.0011701233367396,0.000453171449688705,0.00141209228450268,0.00490000000000002
"294",3,94,0.385822174746116,0.0739371394618395,0.385804735143721,0.264827231709367,0.407501544137939,0.261262128848656,0.236511020878776,0.436030367875509,0.423722955702739,1
"295",3,95,0.0117051520304239,0.0362112607271662,0.0118862955308508,0.0102495933015634,0.014149720489671,0.0113890040652374,0.0221622774431262,0.00211953183688951,0.00614361554292597,0.003
"296",3,96,0.0232505272022386,6.50622025083729e-05,0.023493762500293,0.0416601808621954,0.0717244121700031,0.0155613782384181,0.0201690083715935,0.0214895291905192,0.0285081435680674,0.00329999999999997
"297",3,97,0.495358877951551,0.0184545771818427,0.495255071590821,0.18893184422977,0.0402891240774974,0.603329228133021,0.36792226456522,0.9993408115442,0.720563515608851,0.005
"298",3,98,0.0151478495171322,0.300943597383823,0.0153520023125549,0.19274871276799,0.0372163297778904,0.160183266044128,0.0580430508214411,0.0663960786145895,0.0320148426200552,0.00339999999999996
"299",3,99,0.245883826180388,0.0549764780193611,0.246023434185112,0.512911097245968,0.237621167386074,0.230563069683455,0.368553973143278,0.356274836754762,0.623898278817557,0.00519999999999998
"300",3,100,0.173515668832932,0.00753207312792849,0.173745032371122,0.166259602028108,0.277535071089084,0.12807116967487,0.133154185801993,0.0562393963351489,0.0641332615054027,0.00600000000000001
